future_profitable,future_price_up,future_long_bias,future_volatility,future_pnl,future_net_result
0.0,0,0.4,0.0,0.0,-0.4
0.0,0,0.4,53.17369650494972,-1.0038533,-1.0038533
0.0,0,0.4,65.12421208736771,-1.0038533,-1.0038533
0.0,0,0.6,65.12421208736471,-1.0038533,-1.0038533
0.0,0,0.8,53.40432566749035,0.0,-0.4
0.0,0,1.0,54.298637183608754,-1.0133306,-1.0133306
0.0,0,1.0,79.61330290847074,0.0,-0.4
0.0,0,1.0,83.73953665977629,0.0,-0.4
1.0,0,1.0,72.85321873460133,2.516641,2.11764766
0.0,0,1.0,23.526532255937163,0.0,-0.39899334
0.0,0,1.0,7.876250376210711,0.0,-0.39899334
0.0,0,1.0,49.193380855426284,-1.0147266,-1.0147266
0.0,0,1.0,57.795684267821095,-1.0147266,-1.0147266
0.0,0,1.0,61.22545157027309,-1.0318836,-1.0318836
0.0,0,1.0,51.60424284864351,-1.0318836,-1.0318836
0.0,0,1.0,22.056903680691704,0.0,-0.4
0.0,0,1.0,24.448865003892774,0.0,-0.4
0.0,0,0.8,20.4300513943995,0.0,-0.4
0.0,0,0.6,16.681067111462575,0.0,-0.4
0.0,1,0.4,54.06812369574356,-1.0246979,-1.0246979
0.0,1,0.2,66.21965720222738,-1.0246979,-1.0246979
1.0,1,0.0,122.61512476031042,2.5341144,2.13310076
0.0,1,0.0,129.40012608182607,0.0,-0.40101364
0.0,1,0.2,96.12364136880251,0.0,-0.4
0.0,1,0.2,77.94032608349397,0.0,-0.4
0.0,1,0.2,4.431075490733836,0.0,-0.4
0.0,0,0.4,12.324821297032345,0.0,-0.4
0.0,0,0.6,53.38005245407812,-1.040778,-1.040778
0.0,0,0.6,72.27466361039856,-1.0782013,-1.0782013
0.0,0,0.8,97.29303674975739,0.0,-0.4
0.0,0,1.0,89.52791184867138,0.0,-0.4
1.0,0,1.0,75.42033863604522,2.7054906,2.30555914
0.0,0,1.0,65.86820112899913,0.0,-0.3989478
0.0,0,1.0,39.720839869839104,0.0,-0.3989478
0.0,0,1.0,43.68574504300009,-1.0361043,-1.0361043
0.0,0,1.0,27.265628911849745,-1.0361043,-1.0361043
0.0,1,0.8,68.75364223051851,0.0,-0.4
0.0,1,0.6,85.48907813262367,0.0,-0.4
0.0,1,0.4,92.12693417220333,0.0,-0.4
0.0,0,0.4,126.52735672559307,-1.310315,-1.310315
0.0,0,0.4,149.74734722178567,-1.310315,-1.310315
0.0,0,0.6,151.07143343449917,0.0,-0.4
0.0,0,0.8,123.90667052240512,0.0,-0.4
1.0,0,1.0,9.864571959362493,2.5196428,2.12065062
0.0,0,1.0,11.012305387194438,0.0,-0.39899218
0.0,0,1.0,9.327715151107476,0.0,-0.39899218
0.0,0,1.0,88.77794134769184,-1.7877198,-1.7877198
0.0,0,1.0,106.0226554559395,-1.7877198,-1.7877198
0.0,0,1.0,106.02265545592023,-1.6392541,-1.6392541
0.0,0,1.0,86.56713568046985,-1.6392541,-1.6392541
0.0,0,1.0,24.41786231257252,0.0,-0.4
0.0,0,1.0,29.905651638356428,0.0,-0.4
0.0,0,1.0,29.905651638340153,0.0,-0.4
0.0,0,0.8,24.417862312512728,0.0,-0.4
0.0,0,0.8,61.939082976010944,-1.1783373,-1.1783373
0.0,0,0.8,75.85957421384491,-1.1783373,-1.1783373
0.0,0,0.8,75.85957421382265,-1.1783373,-1.1783373
0.0,0,0.8,60.816099841246455,0.0,-0.4
0.0,0,0.8,31.32973028767637,0.0,-0.4
0.0,1,0.6,31.32973028769397,0.0,-0.4
0.0,0,0.6,53.16839286548382,-1.0173918,-1.0173918
0.0,1,0.4,85.1370835764391,-1.0327165,-1.0327165
0.0,1,0.2,100.8425852499979,-1.0327165,-1.0327165
0.0,1,0.2,150.60918630650016,-1.714332,-1.714332
0.0,1,0.4,156.95610851415927,0.0,-0.4
0.0,1,0.4,75.71579755844041,0.0,-0.4
0.0,1,0.4,61.366212201106364,0.0,-0.4
0.0,1,0.4,17.754379738862124,0.0,-0.4
0.0,0,0.6,58.719145088386774,-1.1155452,-1.1155452
0.0,0,0.6,71.9159717998072,-1.1155452,-1.1155452
0.0,1,0.6,75.69369194266031,0.0,-0.4
0.0,1,0.6,79.07317497046667,0.0,-0.4
0.0,1,0.6,110.62849090496415,-1.0671171,-1.0671171
0.0,1,0.4,105.52991045154232,-1.0671171,-1.0671171
0.0,1,0.2,61.42882059678902,-1.0278723,-1.0278723
0.0,0,0.2,102.91841428972546,-1.0108827,-1.0108827
0.0,0,0.4,104.8954241133108,0.0,-0.4
0.0,0,0.4,99.54935961577064,0.0,-0.4
0.0,0,0.4,85.39247624884023,0.0,-0.4
0.0,0,0.4,45.83939353773065,0.0,-0.4
0.0,0,0.4,56.08058487486303,-1.0653988,-1.0653988
0.0,0,0.4,54.528267897546016,0.0,-0.4
0.0,0,0.6,52.543581909748575,0.0,-0.4
0.0,0,0.8,50.07514353355828,0.0,-0.4
0.0,0,1.0,122.59331139954128,-2.3860874,-2.3860874
0.0,0,1.0,153.8004941471403,-2.3860874,-2.3860874
0.0,0,1.0,153.80049414713733,-2.3860874,-2.3860874
0.0,0,1.0,122.10290741789028,0.0,-0.4
1.0,1,0.8,172.63735493775414,2.9770126,2.57582178
0.0,1,0.8,194.0874986182953,0.0,-0.4
0.0,1,0.8,184.9130442124312,0.0,-0.4
0.0,1,0.8,139.1843623397052,0.0,-0.4
0.0,1,0.8,68.21756020199624,-1.0812124,-1.0812124
0.0,0,1.0,69.72508156976834,-1.0812124,-1.0812124
0.0,0,1.0,69.72508156975505,-1.0812124,-1.0812124
0.0,0,1.0,104.08562821015695,0.0,-0.4
0.0,0,1.0,90.70285552229133,0.0,-0.4
0.0,0,1.0,90.70285552227374,0.0,-0.4
1.0,1,0.8,133.69725681515615,2.5009089,2.0999085500000003
0.0,1,0.6,160.8770695901102,0.0,-0.40100035
0.0,1,0.4,160.8770695901308,0.0,-0.40100035
0.0,1,0.2,145.15065387353673,-1.016122,-1.016122
0.0,1,0.0,45.45001782092788,-1.016122,-1.016122
0.0,1,0.0,45.45001782094116,-1.016122,-1.016122
0.0,1,0.2,36.547717848380216,0.0,-0.4
0.0,1,0.2,3.176790821853948,0.0,-0.4
0.0,0,0.4,60.354105079310656,-1.1195405,-1.1195405
0.0,1,0.4,67.7103389440989,-1.0539374,-1.0539374
0.0,1,0.4,73.21405602700224,-1.0539374,-1.0539374
0.0,1,0.2,100.81488977291659,-1.2358233,-1.2358233
0.0,1,0.4,100.53622730103446,0.0,-0.4
0.0,1,0.4,57.12273627833859,0.0,-0.4
0.0,0,0.6,60.5469817573484,0.0,-0.4
0.0,0,0.6,62.475739290741764,0.0,-0.4
0.0,0,0.8,52.994811066038196,-1.0057536,-1.0057536
0.0,0,0.8,64.90512306378623,-1.0057536,-1.0057536
0.0,0,0.8,64.90512306378623,-1.0057536,-1.0057536
0.0,1,0.6,108.66051720806605,-1.0634677,-1.0634677
0.0,1,0.8,135.72700541868937,0.0,-0.4
0.0,1,0.6,136.45755017559915,0.0,-0.4
0.0,1,0.4,111.73279285835241,0.0,-0.4
0.0,1,0.2,3.532987394493292,0.0,-0.4
0.0,1,0.2,54.917829526763974,-1.0410722,-1.0410722
0.0,1,0.0,67.26033006112765,-1.0410722,-1.0410722
0.0,1,0.0,67.26033006113661,-1.0410722,-1.0410722
1.0,1,0.0,123.23904413754664,2.8883822,2.48722685
0.0,1,0.2,220.33528314807447,0.0,-0.4
0.0,1,0.4,250.25823263171216,0.0,-0.4
0.0,1,0.4,227.4658655709771,0.0,-0.4
0.0,1,0.4,126.02479121172604,0.0,-0.4
0.0,1,0.4,54.64950136974012,-1.0305469,-1.0305469
0.0,1,0.2,66.93169652684527,-1.0305469,-1.0305469
0.0,0,0.2,101.16732674120202,-1.0052471,-1.0052471
0.0,0,0.4,120.70186411137401,-1.0052471,-1.0052471
0.0,0,0.6,164.52504368624432,0.0,-0.4
0.0,0,0.8,151.37021833888159,0.0,-0.4
0.0,0,0.8,70.82052668514828,0.0,-0.4
0.0,0,0.6,57.82471789781278,0.0,-0.4
0.0,0,0.6,54.64950136974031,-1.0327113,-1.0327113
0.0,0,0.6,66.93169652683946,-1.0327113,-1.0327113
0.0,0,0.6,66.41278491345415,0.0,-0.4
0.0,0,0.8,54.020505365652866,0.0,-0.4
0.0,0,1.0,59.51943380072837,-1.1378056,-1.1378056
0.0,0,1.0,73.14880039999352,-1.1378056,-1.1378056
0.0,0,1.0,73.66868398414897,0.0,-0.4
0.0,0,1.0,60.15022859436856,0.0,-0.4
0.0,0,1.0,55.18615768425631,-1.0450941,-1.0450941
0.0,0,1.0,67.58896359576495,-1.0450941,-1.0450941
1.0,0,1.0,66.41874795528526,3.1309235,2.7321758800000002
0.0,0,1.0,53.788566814392304,0.0,-0.39874762
0.0,0,1.0,54.690203144112964,-1.0599234,-1.0599234
0.0,1,1.0,55.75899317549157,0.0,-0.4
0.0,1,1.0,56.72818805448113,0.0,-0.4
0.0,1,0.8,57.034674365201866,0.0,-0.4
0.0,1,0.6,57.332782942611985,0.0,-0.4
0.0,0,0.6,57.869439257217465,-1.0969671,-1.0969671
0.0,0,0.6,70.87529894077274,-1.0969671,-1.0969671
0.0,0,0.6,129.9107847714788,0.0,-0.4
0.0,0,0.8,136.77265808610676,0.0,-0.4
0.0,0,1.0,102.53366276465235,0.0,-0.4
1.0,0,1.0,83.18654230062533,2.6414528,2.24250938
0.0,0,1.0,2.744090000733433,0.0,-0.39894342
1.0,1,0.8,154.50800830357355,2.9576268,2.55644373
0.0,1,0.6,188.76175189890114,0.0,-0.40118307
0.0,1,0.4,187.8359738706849,0.0,-0.40118307
0.0,1,0.2,153.36743044060688,0.0,-0.4001063
0.0,1,0.2,50.15500473489668,0.0,-0.4
0.0,0,0.4,61.42708482383802,0.0,-0.4
0.0,0,0.6,97.4720511221002,-1.0366403,-1.0366403
0.0,0,0.8,98.67280527047127,-1.0366403,-1.0366403
0.0,0,1.0,78.66726129680373,0.0,-0.4
0.0,0,1.0,70.30123042974589,0.0,-0.4
1.0,0,1.0,36.160752480162266,2.7025373,2.30243525
0.0,0,1.0,34.28475214915982,0.0,-0.40010205
0.0,0,1.0,18.56231747187837,0.0,-0.39902818
0.0,1,0.8,18.672397540939944,0.0,-0.4
0.0,1,0.6,18.78140649490872,0.0,-0.4
0.0,1,0.4,65.9701950120733,-1.0644869,-1.0644869
0.0,1,0.2,76.18723790724013,-1.0644869,-1.0644869
0.0,1,0.0,62.651759751311296,0.0,-0.4
0.0,1,0.0,53.64142988341257,0.0,-0.4
0.0,1,0.0,51.82557283756149,-1.0844338,-1.0844338
0.0,1,0.0,76.22321168741159,-1.4128876,-1.4128876
1.0,1,0.0,101.08999020649291,2.3643923,1.96322875
0.0,1,0.0,95.81483094988809,0.0,-0.40008685
1.0,0,0.2,133.33392377768246,2.715799,2.31679847
0.0,0,0.4,148.62339731667265,0.0,-0.4
0.0,0,0.4,149.55223177855123,0.0,-0.4
0.0,0,0.4,121.25402455151477,0.0,-0.4
0.0,0,0.4,36.291383273892585,0.0,-0.4
0.0,1,0.2,57.422225661660725,-1.0904644,-1.0904644
0.0,1,0.0,70.32757638325658,-1.0904644,-1.0904644
0.0,1,0.0,70.32757638328913,-1.0904644,-1.0904644
0.0,0,0.2,114.1798143278498,-1.0760267,-1.0760267
0.0,0,0.4,114.95001087404135,0.0,-0.4
0.0,0,0.6,107.66618317716218,0.0,-0.4
0.0,0,0.6,90.28127159015142,0.0,-0.4
0.0,0,0.6,53.75507417845561,0.0,-0.4
0.0,0,0.6,111.6692347960088,-2.1207476,-2.1207476
0.0,0,0.6,136.76632260873507,-2.1207476,-2.1207476
0.0,0,0.6,149.68849989195934,0.0,-0.4
0.0,0,0.8,128.56609973042492,0.0,-0.4
1.0,0,1.0,67.4924292041507,3.523821,3.1252305199999997
0.0,0,1.0,72.85972824455759,0.0,-0.39859048
0.0,0,1.0,67.66455497425412,-1.2568977,-1.2568977
0.0,0,1.0,60.379301087866224,-1.2568977,-1.2568977
0.0,0,1.0,48.19887965348693,-1.0021955,-1.0021955
0.0,0,1.0,246.49369565939915,0.0,-0.4
0.0,0,1.0,289.77737489287495,0.0,-0.4
0.0,0,1.0,282.47490684977146,0.0,-0.4
0.0,0,0.8,212.650064659689,0.0,-0.4
0.0,0,0.8,59.52412955893948,-1.1402079,-1.1402079
0.0,0,0.8,72.90187240219112,-1.1402079,-1.1402079
0.0,0,0.8,72.90187240216456,-1.1402079,-1.1402079
1.0,0,0.8,118.40703999227571,2.8364706,2.4376051700000003
0.0,0,1.0,271.785749846663,0.0,-0.4
0.0,0,1.0,317.3023032057857,0.0,-0.4
0.0,0,0.8,297.12180232975004,0.0,-0.4
0.0,0,0.6,191.49238945624273,0.0,-0.4
0.0,0,0.6,55.36504311969632,-1.0674825,-1.0674825
0.0,0,0.6,67.80805261650248,-1.0674825,-1.0674825
0.0,1,0.4,106.7962639779438,-1.1442239,-1.1442239
0.0,1,0.4,128.2654396150829,-1.1442239,-1.1442239
0.0,1,0.6,170.0384868188895,0.0,-0.4
0.0,1,0.4,154.29730392871258,0.0,-0.4
0.0,1,0.2,66.49351847872865,0.0,-0.4
0.0,1,0.2,54.29173049078954,0.0,-0.4
0.0,1,0.2,52.68176154697177,-1.013526,-1.013526
0.0,1,0.0,64.52171727175065,-1.013526,-1.013526
0.0,1,0.0,64.5217172717802,-1.013526,-1.013526
0.0,1,0.2,52.29263810234938,0.0,-0.4
0.0,1,0.4,2.026573390380967,0.0,-0.4
0.0,0,0.4,2.0265733903573877,0.0,-0.4
1.0,1,0.4,79.20655275739811,2.513166,2.11216073
0.0,1,0.4,83.722589542568,-1.0108129,-1.0108129
0.0,1,0.4,269.13529682992476,0.0,-0.4
0.0,1,0.2,309.0794525680265,0.0,-0.4
0.0,1,0.2,276.2215994446689,0.0,-0.4
0.0,1,0.2,238.36484640102955,0.0,-0.4
0.0,1,0.4,52.90536834575564,-1.011175,-1.011175
0.0,1,0.2,88.02751274349119,-1.1154552,-1.1154552
0.0,1,0.2,104.86030230650049,-1.1154552,-1.1154552
0.0,1,0.2,111.97989998127207,-1.1154552,-1.1154552
0.0,1,0.4,123.23557927734561,0.0,-0.4
0.0,1,0.4,39.216935115257726,0.0,-0.4
0.0,1,0.4,39.2169351152916,0.0,-0.4
0.0,1,0.4,32.020493435297084,0.0,-0.4
0.0,0,0.6,55.991142155146505,-1.0683076,-1.0683076
0.0,0,0.6,68.57486419842444,-1.0683076,-1.0683076
0.0,0,0.6,64.67068887704157,0.0,-0.4
0.0,0,0.8,59.940929253973806,0.0,-0.4
0.0,0,1.0,58.87548725763437,-1.0318483,-1.0318483
0.0,0,1.0,62.84809463955961,-1.0318483,-1.0318483
0.0,0,1.0,69.42670235450676,0.0,-0.4
0.0,0,0.8,58.16929602303858,0.0,-0.4
0.0,0,0.8,59.54295088258029,-1.0595429,-1.0595429
0.0,0,0.8,56.36492703626552,0.0,-0.4
0.0,0,0.8,51.154696752124266,0.0,-0.4
0.0,1,0.6,91.67542200507158,-1.1193558,-1.1193558
0.0,1,0.6,96.86493173388712,0.0,-0.4
0.0,1,0.6,70.19674493747017,0.0,-0.4
0.0,1,0.4,90.7483994339635,-1.0350977,-1.0350977
1.0,1,0.2,109.67183776995341,2.5323985,2.13138554
0.0,1,0.2,127.53559503073966,0.0,-0.40101296
0.0,1,0.4,119.4195963812156,0.0,-0.4
0.0,1,0.4,36.19016440780979,0.0,-0.4
0.0,1,0.4,21.813757124096117,-1.0077248,-1.0077248
0.0,1,0.4,24.08916768735764,-1.0077248,-1.0077248
0.0,1,0.4,32.97590028901881,0.0,-0.4
0.0,1,0.2,56.865833326153705,-1.0247539,-1.0247539
0.0,1,0.0,46.97496141438872,0.0,-0.4
0.0,1,0.0,41.863384954951044,0.0,-0.4
0.0,1,0.0,45.632477468281614,-1.0397074,-1.0397074
0.0,1,0.0,61.59216670893972,-1.2420752,-1.2420752
0.0,1,0.0,72.94300514721431,-1.2420752,-1.2420752
1.0,1,0.0,70.67615524287076,2.5104551,2.1094509
0.0,1,0.0,39.74095406406805,0.0,-0.4010042
0.0,1,0.2,27.668502487913553,0.0,-0.4
0.0,0,0.4,33.53165713056766,0.0,-0.4
0.0,0,0.4,36.691934126182794,0.0,-0.4
0.0,0,0.4,40.080655183203646,0.0,-0.4
0.0,1,0.4,42.7261863488281,-1.0115124,-1.0115124
0.0,1,0.2,66.01374856739896,-1.0204864,-1.0204864
0.0,1,0.0,81.81636144394618,0.0,-0.4
0.0,1,0.0,82.08424331096116,0.0,-0.4
0.0,1,0.0,42.4365762042937,-1.0225506,-1.0225506
1.0,1,0.0,67.70209007078154,2.5039792,2.1029775699999997
0.0,1,0.0,73.18279852506163,0.0,-0.40100163
0.0,1,0.0,69.6511665370088,-1.2146775,-1.2146775
0.0,1,0.0,48.008405513744734,-1.2146775,-1.2146775
0.0,1,0.2,1.7672011703700772,0.0,-0.4
0.0,0,0.4,2.173016331362269,0.0,-0.4
0.0,0,0.4,2.190890224586141,0.0,-0.4
0.0,1,0.4,59.9069445054726,-1.1149601,-1.1149601
0.0,1,0.4,73.88777300736216,-1.1453236,-1.1453236
0.0,1,0.2,72.16167265240888,0.0,-0.4
0.0,1,0.0,58.28985331941465,0.0,-0.4
0.0,1,0.0,5.531997831150367,0.0,-0.4
0.0,1,0.0,57.4881987890387,-1.1084903,-1.1084903
0.0,1,0.0,71.58733826600938,-1.1084903,-1.1084903
0.0,1,0.0,71.58733826604326,-1.1084903,-1.1084903
1.0,1,0.0,65.24326264085221,2.5080805,2.10707726
0.0,1,0.0,21.859607270709628,0.0,-0.40100324
0.0,1,0.2,58.99659507153933,0.0,-0.4
0.0,1,0.2,66.38428300464568,0.0,-0.4
0.0,1,0.2,57.06721326686894,0.0,-0.4
0.0,1,0.2,48.894775999599545,-1.0212823,-1.0212823
0.0,1,0.2,56.057381316476985,-1.0864516,-1.0864516
0.0,1,0.0,67.70791681972327,-1.0864516,-1.0864516
1.0,1,0.0,122.73845982446093,2.5984302,2.19739084
0.0,1,0.2,106.39843288359425,0.0,-0.4
0.0,1,0.2,88.34016312011516,0.0,-0.4
0.0,0,0.2,91.46076218842269,0.0,-0.4
0.0,0,0.2,93.95510427904176,0.0,-0.4
0.0,0,0.2,53.263139224797975,-1.0069336,-1.0069336
0.0,1,0.0,65.23375659953064,-1.0069336,-1.0069336
0.0,1,0.0,65.2337565995778,-1.0069336,-1.0069336
0.0,1,0.0,51.979293955348545,0.0,-0.4
0.0,1,0.0,24.264109299535807,0.0,-0.4
0.0,0,0.0,24.264109299495953,0.0,-0.4
0.0,0,0.2,63.80633197489595,0.0,-0.4
0.0,0,0.4,90.95530770703125,-1.0136971,-1.0136971
0.0,0,0.6,112.24145847267042,-1.0344269,-1.0344269
0.0,0,0.8,92.68892598399799,0.0,-0.4
0.0,0,1.0,64.77596004735472,-1.1014736,-1.1014736
1.0,0,1.0,81.46085612150287,3.0584335,2.6596569
0.0,0,1.0,88.83585604947174,0.0,-0.3987766
0.0,0,1.0,92.97370660589078,0.0,-0.3987766
0.0,0,1.0,35.674474348351595,0.0,-0.4
0.0,0,0.8,10.724407677301356,0.0,-0.4
0.0,0,0.6,9392.61311372503,-177.37123,-177.6990581
0.0,0,0.4,11505.33866930821,0.0,-0.3278281
0.0,0,0.2,11508.910695065728,0.0,-0.32877928
1.0,0,0.2,9396.98623272365,178.05177,177.72299072
0.0,1,0.4,9475.964153688936,0.0,-0.4
0.0,1,0.6,11605.638498721133,0.0,-0.4
0.0,1,0.6,11605.638498721153,0.0,-0.4
0.0,1,0.6,9475.96415368901,0.0,-0.4
0.0,1,0.4,34.65905364540244,0.0,-0.4
0.0,1,0.2,57.65264954534462,-1.05086,-1.05086
0.0,1,0.0,62.4807330270808,-1.05086,-1.05086
0.0,1,0.0,75.5808639776375,-1.092449,-1.092449
1.0,1,0.0,92.2799668379495,2.6340883,2.2330347
0.0,1,0.0,93.69065225313535,0.0,-0.4010536
0.0,1,0.2,78.59092771828382,0.0,-0.4
0.0,1,0.4,48.94623090313471,0.0,-0.4
0.0,1,0.4,43.007175210931116,0.0,-0.4
0.0,0,0.4,41.53105440055307,0.0,-0.4
0.0,0,0.6,16.26723700016737,0.0,-0.4
0.0,1,0.4,68.65338301659291,-1.1425272,-1.1425272
0.0,1,0.2,85.62325618443671,-1.4275095,-1.4275095
0.0,0,0.2,86.35136362342767,0.0,-0.4
0.0,1,0.2,80.99312933592368,0.0,-0.4
0.0,0,0.2,108.5464278528985,-1.011639,-1.011639
0.0,0,0.4,105.36227977611911,-1.011639,-1.011639
0.0,0,0.6,57.24168061490509,0.0,-0.4
0.0,0,0.8,55.488088808476576,-1.0245175,-1.0245175
0.0,0,1.0,33.28733992999308,0.0,-0.4
1.0,1,0.8,121.89571780673292,1.7743134,1.37330956
0.0,1,0.6,145.26882019078278,-1.1223135,-1.1223135
0.0,1,0.4,155.1974198227042,-1.1223135,-1.1223135
0.0,1,0.2,140.60297158889546,-1.0337688,-1.0337688
0.0,1,0.2,49.80831777556603,0.0,-0.4
0.0,1,0.2,55.197527115199236,0.0,-0.4
0.0,1,0.2,47.39169758127138,0.0,-0.4
0.0,1,0.2,15.965525347962174,0.0,-0.4
0.0,1,0.2,63.45960919860928,-1.1958728,-1.1958728
0.0,1,0.0,77.72183090769036,-1.1958728,-1.1958728
0.0,1,0.0,77.72183090771095,-1.1958728,-1.1958728
0.0,1,0.0,64.05522616968821,0.0,-0.4
0.0,1,0.0,2.7386127241364893,0.0,-0.4
0.0,1,0.0,2.738612724148445,0.0,-0.4
0.0,0,0.2,81.30990099398063,0.0,-0.4
0.0,0,0.4,131.8536006320926,-1.1335087,-1.1335087
0.0,0,0.6,147.71126564905046,-1.0276339,-1.0276339
1.0,0,0.8,130.2287115794477,2.5671477,2.16817456
0.0,0,1.0,52.90110234807836,0.0,-0.39897314
0.0,0,1.0,10.539778443634972,0.0,-0.39897314
0.0,0,0.8,15.71177996410156,0.0,-0.4
0.0,0,0.6,19.230538984644625,0.0,-0.4
0.0,1,0.4,28.198649429372065,0.0,-0.4
0.0,1,0.2,50.697399535307,-1.0146465,-1.0146465
0.0,1,0.0,60.17688924864797,-1.0146465,-1.0146465
0.0,1,0.0,76.5930479850975,-1.1878669,-1.1878669
0.0,1,0.0,61.39660413775321,0.0,-0.4
0.0,0,0.0,64.78097714335489,0.0,-0.4
0.0,0,0.2,76.10211560559162,0.0,-0.4
0.0,0,0.2,87.8207948019413,0.0,-0.4
0.0,0,0.2,44.59291423133196,-1.0123175,-1.0123175
0.0,0,0.2,44.401779239608075,0.0,-0.31985405
0.0,0,0.4,71.74380112344272,-1.0766382,-1.0766382
0.0,0,0.4,84.32073884660863,-1.0766382,-1.0766382
0.0,0,0.6,93.5251998107273,-1.004372,-1.004372
0.0,0,0.8,68.68585734801694,0.0,-0.31846306
0.0,0,1.0,30.506638615683602,0.0,-0.31833565
